pair_id,point_id,source_x,source_y,reference_x,reference_y,latitude,longitude,source,verification_method,accuracy,coordinate_system,independent,notes
pair_011,P001,2929.1,10275.8,UNKNOWN,UNKNOWN,-68.616797,20.850506,IIT_InterIIT_bilinear_interpolation,geospatially_derived,sub-degree_geographic_only,selenographic_IAU2015,false,Bilinear interp from OHRC corner coords. NOT manually verified. TMC-2 pixel NOT computed (image dims unavailable).
pair_011,P002,19741.7,10289.4,UNKNOWN,UNKNOWN,-68.616797,20.895847,IIT_InterIIT_bilinear_interpolation,geospatially_derived,sub-degree_geographic_only,selenographic_IAU2015,false,Bilinear interp from OHRC corner coords. NOT manually verified. TMC-2 pixel NOT computed (image dims unavailable).
pair_011,P003,36553.0,10303.0,UNKNOWN,UNKNOWN,-68.616797,20.941189,IIT_InterIIT_bilinear_interpolation,geospatially_derived,sub-degree_geographic_only,selenographic_IAU2015,false,Bilinear interp from OHRC corner coords. NOT manually verified. TMC-2 pixel NOT computed (image dims unavailable).
pair_011,P004,53363.0,10316.6,UNKNOWN,UNKNOWN,-68.616797,20.986531,IIT_InterIIT_bilinear_interpolation,geospatially_derived,sub-degree_geographic_only,selenographic_IAU2015,false,Bilinear interp from OHRC corner coords. NOT manually verified. TMC-2 pixel NOT computed (image dims unavailable).
pair_011,P005,70171.5,10330.2,UNKNOWN,UNKNOWN,-68.616797,21.031873,IIT_InterIIT_bilinear_interpolation,geospatially_derived,sub-degree_geographic_only,selenographic_IAU2015,false,Bilinear interp from OHRC corner coords. NOT manually verified. TMC-2 pixel NOT computed (image dims unavailable).
pair_011,P006,86978.8,10343.8,UNKNOWN,UNKNOWN,-68.616797,21.077214,IIT_InterIIT_bilinear_interpolation,geospatially_derived,sub-degree_geographic_only,selenographic_IAU2015,false,Bilinear interp from OHRC corner coords. NOT manually verified. TMC-2 pixel NOT computed (image dims unavailable).
pair_011,P007,5288.1,8552.0,UNKNOWN,UNKNOWN,-68.496049,20.850506,IIT_InterIIT_bilinear_interpolation,geospatially_derived,sub-degree_geographic_only,selenographic_IAU2015,false,Bilinear interp from OHRC corner coords. NOT manually verified. TMC-2 pixel NOT computed (image dims unavailable).
pair_011,P008,22186.7,8565.7,UNKNOWN,UNKNOWN,-68.496049,20.895847,IIT_InterIIT_bilinear_interpolation,geospatially_derived,sub-degree_geographic_only,selenographic_IAU2015,false,Bilinear interp from OHRC corner coords. NOT manually verified. TMC-2 pixel NOT computed (image dims unavailable).
pair_011,P009,39083.9,8579.3,UNKNOWN,UNKNOWN,-68.496049,20.941189,IIT_InterIIT_bilinear_interpolation,geospatially_derived,sub-degree_geographic_only,selenographic_IAU2015,false,Bilinear interp from OHRC corner coords. NOT manually verified. TMC-2 pixel NOT computed (image dims unavailable).
pair_011,P010,55979.8,8592.9,UNKNOWN,UNKNOWN,-68.496049,20.986531,IIT_InterIIT_bilinear_interpolation,geospatially_derived,sub-degree_geographic_only,selenographic_IAU2015,false,Bilinear interp from OHRC corner coords. NOT manually verified. TMC-2 pixel NOT computed (image dims unavailable).
pair_011,P011,72874.2,8606.6,UNKNOWN,UNKNOWN,-68.496049,21.031873,IIT_InterIIT_bilinear_interpolation,geospatially_derived,sub-degree_geographic_only,selenographic_IAU2015,false,Bilinear interp from OHRC corner coords. NOT manually verified. TMC-2 pixel NOT computed (image dims unavailable).
pair_011,P012,89767.3,8620.2,UNKNOWN,UNKNOWN,-68.496049,21.077214,IIT_InterIIT_bilinear_interpolation,geospatially_derived,sub-degree_geographic_only,selenographic_IAU2015,false,Bilinear interp from OHRC corner coords. NOT manually verified. TMC-2 pixel NOT computed (image dims unavailable).
pair_011,P013,7671.5,6828.3,UNKNOWN,UNKNOWN,-68.375301,20.850506,IIT_InterIIT_bilinear_interpolation,geospatially_derived,sub-degree_geographic_only,selenographic_IAU2015,false,Bilinear interp from OHRC corner coords. NOT manually verified. TMC-2 pixel NOT computed (image dims unavailable).
pair_011,P014,24656.8,6842.0,UNKNOWN,UNKNOWN,-68.375301,20.895847,IIT_InterIIT_bilinear_interpolation,geospatially_derived,sub-degree_geographic_only,selenographic_IAU2015,false,Bilinear interp from OHRC corner coords. NOT manually verified. TMC-2 pixel NOT computed (image dims unavailable).
pair_011,P015,41640.8,6855.7,UNKNOWN,UNKNOWN,-68.375301,20.941189,IIT_InterIIT_bilinear_interpolation,geospatially_derived,sub-degree_geographic_only,selenographic_IAU2015,false,Bilinear interp from OHRC corner coords. NOT manually verified. TMC-2 pixel NOT computed (image dims unavailable).
pair_011,P016,58623.5,6869.3,UNKNOWN,UNKNOWN,-68.375301,20.986531,IIT_InterIIT_bilinear_interpolation,geospatially_derived,sub-degree_geographic_only,selenographic_IAU2015,false,Bilinear interp from OHRC corner coords. NOT manually verified. TMC-2 pixel NOT computed (image dims unavailable).
pair_011,P017,75604.7,6883.0,UNKNOWN,UNKNOWN,-68.375301,21.031873,IIT_InterIIT_bilinear_interpolation,geospatially_derived,sub-degree_geographic_only,selenographic_IAU2015,false,Bilinear interp from OHRC corner coords. NOT manually verified. TMC-2 pixel NOT computed (image dims unavailable).
pair_011,P018,92584.5,6896.6,UNKNOWN,UNKNOWN,-68.375301,21.077214,IIT_InterIIT_bilinear_interpolation,geospatially_derived,sub-degree_geographic_only,selenographic_IAU2015,false,Bilinear interp from OHRC corner coords. NOT manually verified. TMC-2 pixel NOT computed (image dims unavailable).
pair_011,P019,10079.4,5104.6,UNKNOWN,UNKNOWN,-68.254554,20.850506,IIT_InterIIT_bilinear_interpolation,geospatially_derived,sub-degree_geographic_only,selenographic_IAU2015,false,Bilinear interp from OHRC corner coords. NOT manually verified. TMC-2 pixel NOT computed (image dims unavailable).
pair_011,P020,27152.5,5118.3,UNKNOWN,UNKNOWN,-68.254554,20.895847,IIT_InterIIT_bilinear_interpolation,geospatially_derived,sub-degree_geographic_only,selenographic_IAU2015,false,Bilinear interp from OHRC corner coords. NOT manually verified. TMC-2 pixel NOT computed (image dims unavailable).
pair_011,P021,44224.2,5132.0,UNKNOWN,UNKNOWN,-68.254554,20.941189,IIT_InterIIT_bilinear_interpolation,geospatially_derived,sub-degree_geographic_only,selenographic_IAU2015,false,Bilinear interp from OHRC corner coords. NOT manually verified. TMC-2 pixel NOT computed (image dims unavailable).
pair_011,P022,61294.5,5145.7,UNKNOWN,UNKNOWN,-68.254554,20.986531,IIT_InterIIT_bilinear_interpolation,geospatially_derived,sub-degree_geographic_only,selenographic_IAU2015,false,Bilinear interp from OHRC corner coords. NOT manually verified. TMC-2 pixel NOT computed (image dims unavailable).
pair_011,P023,78363.4,5159.4,UNKNOWN,UNKNOWN,-68.254554,21.031873,IIT_InterIIT_bilinear_interpolation,geospatially_derived,sub-degree_geographic_only,selenographic_IAU2015,false,Bilinear interp from OHRC corner coords. NOT manually verified. TMC-2 pixel NOT computed (image dims unavailable).
pair_011,P024,95430.9,5173.1,UNKNOWN,UNKNOWN,-68.254554,21.077214,IIT_InterIIT_bilinear_interpolation,geospatially_derived,sub-degree_geographic_only,selenographic_IAU2015,false,Bilinear interp from OHRC corner coords. NOT manually verified. TMC-2 pixel NOT computed (image dims unavailable).
pair_011,P025,12512.4,3380.9,UNKNOWN,UNKNOWN,-68.133806,20.850506,IIT_InterIIT_bilinear_interpolation,geospatially_derived,sub-degree_geographic_only,selenographic_IAU2015,false,Bilinear interp from OHRC corner coords. NOT manually verified. TMC-2 pixel NOT computed (image dims unavailable).
pair_011,P026,29674.1,3394.7,UNKNOWN,UNKNOWN,-68.133806,20.895847,IIT_InterIIT_bilinear_interpolation,geospatially_derived,sub-degree_geographic_only,selenographic_IAU2015,false,Bilinear interp from OHRC corner coords. NOT manually verified. TMC-2 pixel NOT computed (image dims unavailable).
pair_011,P027,46834.4,3408.4,UNKNOWN,UNKNOWN,-68.133806,20.941189,IIT_InterIIT_bilinear_interpolation,geospatially_derived,sub-degree_geographic_only,selenographic_IAU2015,false,Bilinear interp from OHRC corner coords. NOT manually verified. TMC-2 pixel NOT computed (image dims unavailable).
pair_011,P028,63993.3,3422.1,UNKNOWN,UNKNOWN,-68.133806,20.986531,IIT_InterIIT_bilinear_interpolation,geospatially_derived,sub-degree_geographic_only,selenographic_IAU2015,false,Bilinear interp from OHRC corner coords. NOT manually verified. TMC-2 pixel NOT computed (image dims unavailable).
pair_011,P029,81150.7,3435.8,UNKNOWN,UNKNOWN,-68.133806,21.031873,IIT_InterIIT_bilinear_interpolation,geospatially_derived,sub-degree_geographic_only,selenographic_IAU2015,false,Bilinear interp from OHRC corner coords. NOT manually verified. TMC-2 pixel NOT computed (image dims unavailable).
pair_011,P030,98306.8,3449.5,UNKNOWN,UNKNOWN,-68.133806,21.077214,IIT_InterIIT_bilinear_interpolation,geospatially_derived,sub-degree_geographic_only,selenographic_IAU2015,false,Bilinear interp from OHRC corner coords. NOT manually verified. TMC-2 pixel NOT computed (image dims unavailable).
pair_011,P031,14970.9,1657.3,UNKNOWN,UNKNOWN,-68.013058,20.850506,IIT_InterIIT_bilinear_interpolation,geospatially_derived,sub-degree_geographic_only,selenographic_IAU2015,false,Bilinear interp from OHRC corner coords. NOT manually verified. TMC-2 pixel NOT computed (image dims unavailable).
pair_011,P032,32222.1,1671.0,UNKNOWN,UNKNOWN,-68.013058,20.895847,IIT_InterIIT_bilinear_interpolation,geospatially_derived,sub-degree_geographic_only,selenographic_IAU2015,false,Bilinear interp from OHRC corner coords. NOT manually verified. TMC-2 pixel NOT computed (image dims unavailable).
pair_011,P033,49471.9,1684.7,UNKNOWN,UNKNOWN,-68.013058,20.941189,IIT_InterIIT_bilinear_interpolation,geospatially_derived,sub-degree_geographic_only,selenographic_IAU2015,false,Bilinear interp from OHRC corner coords. NOT manually verified. TMC-2 pixel NOT computed (image dims unavailable).
pair_011,P034,66720.3,1698.5,UNKNOWN,UNKNOWN,-68.013058,20.986531,IIT_InterIIT_bilinear_interpolation,geospatially_derived,sub-degree_geographic_only,selenographic_IAU2015,false,Bilinear interp from OHRC corner coords. NOT manually verified. TMC-2 pixel NOT computed (image dims unavailable).
pair_011,P035,83967.2,1712.2,UNKNOWN,UNKNOWN,-68.013058,21.031873,IIT_InterIIT_bilinear_interpolation,geospatially_derived,sub-degree_geographic_only,selenographic_IAU2015,false,Bilinear interp from OHRC corner coords. NOT manually verified. TMC-2 pixel NOT computed (image dims unavailable).
pair_011,P036,101074.0,1726.0,UNKNOWN,UNKNOWN,-68.013058,21.077214,IIT_InterIIT_bilinear_interpolation,geospatially_derived,sub-degree_geographic_only,selenographic_IAU2015,false,Bilinear interp from OHRC corner coords. NOT manually verified. TMC-2 pixel NOT computed (image dims unavailable).
